"DateTime","Average","Srinivaspur A","Srinivaspur B"
"2024-03-08 22:46:59",50,71.32,51.52
"2024-03-08 22:48:59",,71.89,52.04
"2024-03-08 22:50:59",,72.85,52.95
"2024-03-08 22:52:59",,73.19,54.47
"2024-03-08 22:54:59",,76.23,55.02
"2024-03-08 22:56:59",,74.89,55.81
"2024-03-08 22:59:00",,77.46,58.53
"2024-03-08 23:01:00",,78.08,55.47
"2024-03-08 23:03:00",,78.3,58.27
"2024-03-08 23:05:00",,78.4,57.94
"2024-03-08 23:07:00",,79.38,56.4
"2024-03-08 23:09:00",,77.02,57.48
"2024-03-08 23:11:00",,76.23,54.53
"2024-03-08 23:13:00",,76.66,56.39
"2024-03-08 23:15:00",,77.3,56.55
"2024-03-08 23:17:00",,75.89,55.56
"2024-03-08 23:19:00",,78.98,55.17
"2024-03-08 23:21:00",,77.86,55.78
"2024-03-08 23:23:00",,77.5,56.54
"2024-03-08 23:25:00",,78.93,57.29
"2024-03-08 23:27:00",,80.78,59.28
"2024-03-08 23:29:00",,82.2,60.67
"2024-03-08 23:31:00",,85.12,61.64
"2024-03-08 23:33:00",,85.95,62.76
"2024-03-08 23:35:00",,87.36,62.88
"2024-03-08 23:37:00",,91.11,64.98
"2024-03-08 23:39:00",,90.29,65.5
"2024-03-08 23:41:00",,89.59,65.89
"2024-03-08 23:43:00",,91.59,67.42
"2024-03-08 23:45:00",,92.48,68.47
"2024-03-08 23:47:00",,99.64,70.87
"2024-03-08 23:49:00",,100.86,74.54
"2024-03-08 23:51:00",,102.16,72.73
"2024-03-08 23:53:00",,100.23,73.95
"2024-03-08 23:55:00",,100.62,71.32
"2024-03-08 23:57:00",,100.42,72
"2024-03-08 23:59:01",,99.5,72.5
"2024-03-09 00:01:01",,100.09,72.25
"2024-03-09 00:03:01",,99.07,71.98
"2024-03-09 00:05:01",,96.15,70.86
"2024-03-09 00:07:01",,98.67,71.39
"2024-03-09 00:09:01",,99.81,70.3
"2024-03-09 00:11:01",,96.3,71.96
"2024-03-09 00:13:01",,97.14,71.07
"2024-03-09 00:15:01",,98.62,69.77
"2024-03-09 00:17:01",,99.56,72.77
"2024-03-09 00:19:01",,98.11,71.48
"2024-03-09 00:21:01",,98.49,71.07
"2024-03-09 00:23:01",,96.46,71.46
"2024-03-09 00:25:01",,95.91,70.33
"2024-03-09 00:27:01",,96.79,68.72
"2024-03-09 00:29:01",,99.47,71.65
"2024-03-09 00:31:01",,97.73,69.21
"2024-03-09 00:33:01",,98.11,70.98
"2024-03-09 00:35:01",,99.31,72.3
"2024-03-09 00:37:01",,94.36,70.53
"2024-03-09 00:39:01",,99.32,71.47
"2024-03-09 00:41:01",,99.59,71.7
"2024-03-09 00:43:01",,100.55,72.16
"2024-03-09 00:45:01",,97.45,71.15
"2024-03-09 00:47:01",,100.1,71.82
"2024-03-09 00:49:01",,100.24,71.24
"2024-03-09 00:51:01",,97.63,71.39
"2024-03-09 00:53:01",,97.98,71.35
"2024-03-09 00:55:01",,97.42,69.02
"2024-03-09 00:57:01",,96.22,68.78
"2024-03-09 00:59:02",,94.58,69.05
"2024-03-09 01:01:02",,92.65,69.43
"2024-03-09 01:03:02",,93.21,69.16
"2024-03-09 01:05:02",,94.07,66.62
"2024-03-09 01:07:02",,92.81,65.94
"2024-03-09 01:09:02",,93.29,68.52
"2024-03-09 01:11:02",,93.36,66.86
"2024-03-09 01:13:02",,93.91,68.11
"2024-03-09 01:15:02",,95.77,67.51
"2024-03-09 01:17:02",,96.78,71.05
"2024-03-09 01:19:02",,95.02,70.16
"2024-03-09 01:21:02",,94.94,68.09
"2024-03-09 01:23:02",,97.47,69.29
"2024-03-09 01:25:02",,95.07,68.86
"2024-03-09 01:27:02",,96.31,70.9
"2024-03-09 01:29:02",,96.24,69.02
"2024-03-09 01:31:02",,94.21,68.3
"2024-03-09 01:33:02",,92.82,66.93
"2024-03-09 01:35:02",,93.72,66.82
"2024-03-09 01:37:02",,95.23,67.38
"2024-03-09 01:39:02",,95,67.02
"2024-03-09 01:41:02",,92.21,66.65
"2024-03-09 01:43:02",,92.5,66.64
"2024-03-09 01:45:02",,91.29,64.86
"2024-03-09 01:47:02",,92.68,65.79
"2024-03-09 01:49:02",,91.58,64.46
"2024-03-09 01:51:02",,91.05,67.95
"2024-03-09 01:53:02",,88.54,63.81
"2024-03-09 01:55:02",,90.2,66.11
"2024-03-09 01:57:02",,89.07,66.43
"2024-03-09 01:59:03",,89.09,62.46
"2024-03-09 02:01:03",,89.09,62.86
"2024-03-09 02:03:03",,92.95,66.04
"2024-03-09 02:05:03",,95.6,67.82
"2024-03-09 02:07:03",,92.5,66.91
"2024-03-09 02:09:03",,92,67.3
"2024-03-09 02:11:03",,93.02,66.65
"2024-03-09 02:13:03",,92.62,65.66
"2024-03-09 02:15:03",,90.09,66.12
"2024-03-09 02:17:03",,90.54,64.54
"2024-03-09 02:19:03",,87.46,63.28
"2024-03-09 02:21:03",,86.75,61.75
"2024-03-09 02:23:03",,86,62.67
"2024-03-09 02:25:03",,85.31,61.5
"2024-03-09 02:27:03",,86.66,61.24
"2024-03-09 02:29:03",,87.02,61.43
"2024-03-09 02:31:03",,88.31,63.11
"2024-03-09 02:33:03",,86.74,63.82
"2024-03-09 02:35:03",,85.32,62.35
"2024-03-09 02:37:03",,89.46,64.85
"2024-03-09 02:39:03",,85.96,62.28
"2024-03-09 02:41:03",,86.91,62.75
"2024-03-09 02:43:03",,86.93,63.5
"2024-03-09 02:45:03",,88.53,64.23
"2024-03-09 02:47:03",,89.8,65.2
"2024-03-09 02:49:03",,90.31,66.07
"2024-03-09 02:51:03",,92.04,65.65
"2024-03-09 02:53:03",,92.51,65.15
"2024-03-09 02:55:03",,92.1,66.28
"2024-03-09 02:57:03",,93.67,67.91
"2024-03-09 02:59:04",,93.91,66.36
"2024-03-09 03:01:04",,94.25,65.55
"2024-03-09 03:03:04",,93.25,69.38
"2024-03-09 03:05:04",,94.3,68.79
"2024-03-09 03:07:04",,92.54,67.57
"2024-03-09 03:09:04",,92.36,68.23
"2024-03-09 03:11:04",,95.41,69.44
"2024-03-09 03:13:04",,92.69,70.21
"2024-03-09 03:15:04",,95.66,69.34
"2024-03-09 03:17:04",,95.78,69.96
"2024-03-09 03:19:04",,97.75,69.27
"2024-03-09 03:21:04",,96.47,71
"2024-03-09 03:23:04",,98.82,70.73
"2024-03-09 03:25:04",,101.66,74.82
"2024-03-09 03:27:04",,101.43,74.46
"2024-03-09 03:29:04",,98.43,73.31
"2024-03-09 03:31:04",,97.7,72.15
"2024-03-09 03:33:04",,99.61,73.51
"2024-03-09 03:35:04",,98.43,72.64
"2024-03-09 03:37:04",,98.93,71.09
"2024-03-09 03:39:04",,98.11,70.72
"2024-03-09 03:41:04",,97.11,68.73
"2024-03-09 03:43:04",,97.3,72.57
"2024-03-09 03:45:04",,98.36,70.54
"2024-03-09 03:47:04",,96.14,70.26
"2024-03-09 03:49:04",,97.41,70.71
"2024-03-09 03:51:04",,97.91,71.8
"2024-03-09 03:53:04",,99.44,69.93
"2024-03-09 03:55:04",,100.17,72.09
"2024-03-09 03:57:04",,103.6,73.17
"2024-03-09 03:59:05",,103.58,77.07
"2024-03-09 04:01:05",,107.26,76.78
"2024-03-09 04:03:05",,107.32,76.79
"2024-03-09 04:05:05",,110.72,78.76
"2024-03-09 04:07:05",,106.85,77.51
"2024-03-09 04:09:05",,109.29,79.19
"2024-03-09 04:11:05",,106.15,78.24
"2024-03-09 04:13:05",,104.34,76.49
"2024-03-09 04:15:05",,105.41,78.82
"2024-03-09 04:17:05",,107.67,79.05
"2024-03-09 04:19:05",,105.59,77.57
"2024-03-09 04:21:05",,106.81,76.33
"2024-03-09 04:23:05",,105.58,76.23
"2024-03-09 04:25:05",,105.83,77.39
"2024-03-09 04:27:05",,106.34,77.51
"2024-03-09 04:29:05",,107.45,78.64
"2024-03-09 04:31:05",,105.78,77.5
"2024-03-09 04:33:05",,101.87,73.68
"2024-03-09 04:35:05",,98.75,72.42
"2024-03-09 04:37:05",,98.24,71.32
"2024-03-09 04:39:05",,96.6,71.18
"2024-03-09 04:41:05",,95.74,69.37
"2024-03-09 04:43:05",,96.78,69.33
"2024-03-09 04:45:05",,99.25,71.96
"2024-03-09 04:47:05",,97.74,71.65
"2024-03-09 04:49:05",,97.13,70.09
"2024-03-09 04:51:05",,94.18,68.91
"2024-03-09 04:53:05",,93.63,68.22
"2024-03-09 04:55:05",,94.59,68.49
"2024-03-09 04:57:05",,95.15,68.91
"2024-03-09 04:59:06",,96.87,69.88
"2024-03-09 05:01:06",,98.32,70.94
"2024-03-09 05:03:06",,99.06,72.09
"2024-03-09 05:05:06",,98.34,71.32
"2024-03-09 05:07:06",,96.98,68.98
"2024-03-09 05:09:06",,93.88,70.33
"2024-03-09 05:11:06",,94.98,70.93
"2024-03-09 05:13:06",,95.11,69.75
"2024-03-09 05:15:06",,95.48,72.4
"2024-03-09 05:17:06",,95.4,72.29
"2024-03-09 05:19:06",,93.08,70.15
"2024-03-09 05:21:06",,91.42,68.77
"2024-03-09 05:23:08",,92.32,70.44
"2024-03-09 05:25:06",,91.69,67.35
"2024-03-09 05:27:06",,92.79,69.15
"2024-03-09 05:29:17",,93.91,71.05
"2024-03-09 05:31:06",,93.91,73.18
"2024-03-09 05:33:06",,94.02,70.38
"2024-03-09 05:35:06",,91.61,68.81
"2024-03-09 05:37:06",,90.26,66.57
"2024-03-09 05:39:06",,85.51,64.56
"2024-03-09 05:41:06",,81.95,62.3
"2024-03-09 05:43:06",,81.05,61.44
"2024-03-09 05:45:06",,84.79,62.57
"2024-03-09 05:47:06",,92.83,66.82
"2024-03-09 05:49:06",,91.52,68.16
"2024-03-09 05:51:06",,96.76,71.15
"2024-03-09 05:53:06",,91.76,69.04
"2024-03-09 05:55:06",,89.85,66.16
"2024-03-09 05:57:06",,88.98,66.8
"2024-03-09 05:59:07",,87.48,65.75
"2024-03-09 06:01:07",,85.21,63.6
"2024-03-09 06:03:07",,86.33,64.93
"2024-03-09 06:05:07",,113.16,83.67
"2024-03-09 06:07:09",,116.24,84.86
"2024-03-09 06:09:07",,144.78,109.54
"2024-03-09 06:11:07",,158.4,115.36
"2024-03-09 06:13:07",,130.68,100.26
"2024-03-09 06:15:07",,111.62,85.66
"2024-03-09 06:17:07",,168.13,125.33
"2024-03-09 06:19:07",,203.93,159.33
"2024-03-09 06:21:07",,163.16,127.5
"2024-03-09 06:23:07",,211.81,160.73
"2024-03-09 06:25:07",,152.74,116.39
"2024-03-09 06:27:07",,209.88,162.72
"2024-03-09 06:29:07",,176.27,139.89
"2024-03-09 06:31:07",,149.59,117.71
"2024-03-09 06:33:07",,112.47,88.29
"2024-03-09 06:35:07",,85.08,66.02
"2024-03-09 06:37:07",,84.52,65.2
"2024-03-09 06:39:07",,93.09,70.45
"2024-03-09 06:41:07",,118.43,89.23
"2024-03-09 06:43:07",,87.4,66.02
"2024-03-09 06:45:07",,102.93,77.24
"2024-03-09 06:47:07",,104.3,77.3
"2024-03-09 06:49:07",,94.24,68.66
"2024-03-09 06:51:07",,91.24,67.35
"2024-03-09 06:53:07",,90.36,67.89
"2024-03-09 06:55:07",,80.66,61.62
"2024-03-09 06:57:07",,78.65,59.3
"2024-03-09 06:59:08",,81.04,60.69
"2024-03-09 07:01:08",,75.61,57.09
"2024-03-09 07:03:08",,76.27,57.86
"2024-03-09 07:05:08",,71.32,54.32
"2024-03-09 07:07:08",,69.53,52.38
"2024-03-09 07:09:08",,70.36,54.31
"2024-03-09 07:11:08",,69.86,52.93
"2024-03-09 07:13:08",,70.87,53
"2024-03-09 07:15:08",,70.09,53.62
"2024-03-09 07:17:08",,70.54,54.53
"2024-03-09 07:19:08",,72.78,55.11
"2024-03-09 07:21:08",,72.96,54.1
"2024-03-09 07:23:08",,72.58,54.46
"2024-03-09 07:25:08",,71.71,53.7
"2024-03-09 07:27:08",,72.07,53.33
"2024-03-09 07:29:08",,73.33,54.09
"2024-03-09 07:31:08",,73.71,53.16
"2024-03-09 07:33:08",,72.42,54.81
"2024-03-09 07:35:08",,73.63,56.81
"2024-03-09 07:37:08",,75.91,56.85
"2024-03-09 07:39:08",,75.69,56.83
"2024-03-09 07:41:08",,72.86,54.44
"2024-03-09 07:43:08",,68.3,52.89
"2024-03-09 07:45:08",,66.55,50.93
"2024-03-09 07:47:08",,64.25,51.79
"2024-03-09 07:49:08",,66.94,51.43
"2024-03-09 07:51:08",,68.05,51.77
"2024-03-09 07:53:08",,67,51.94
"2024-03-09 07:55:08",,63.83,49.75
"2024-03-09 07:57:08",,64.38,49.55
"2024-03-09 07:59:09",,62.58,50.58
"2024-03-09 08:01:09",,65.21,50
"2024-03-09 08:03:09",,64.98,50.56
"2024-03-09 08:05:09",,65.4,51.54
"2024-03-09 08:07:09",,67.61,51.79
"2024-03-09 08:09:09",,65.45,51.3
"2024-03-09 08:11:09",,65.55,51.84
"2024-03-09 08:13:09",,64.12,50.48
"2024-03-09 08:15:09",,64.71,51.12
"2024-03-09 08:17:09",,67.3,52
"2024-03-09 08:19:09",,65.49,51.02
"2024-03-09 08:21:09",,66.19,51.21
"2024-03-09 08:23:09",,64.98,51.13
"2024-03-09 08:25:09",,62.05,50.05
"2024-03-09 08:27:09",,58.36,48.77
"2024-03-09 08:29:09",,57.62,47.93
"2024-03-09 08:31:09",,57.34,47.66
"2024-03-09 08:33:09",,57.87,47.83
"2024-03-09 08:35:09",,56.19,46.93
"2024-03-09 08:37:09",,54.31,46.93
"2024-03-09 08:39:09",,52.38,44.78
"2024-03-09 08:41:09",,52.22,45.09
"2024-03-09 08:43:09",,52,43.71
"2024-03-09 08:45:09",,49.52,43.16
"2024-03-09 08:47:09",,50.05,42.06
"2024-03-09 08:49:09",,50.54,42.98
"2024-03-09 08:51:09",,49.78,42.3
"2024-03-09 08:53:09",,50.69,44.05
"2024-03-09 08:55:09",,50.47,42.83
"2024-03-09 08:57:09",,49.42,41.53
"2024-03-09 08:59:10",,50.83,42.81
"2024-03-09 09:01:10",,48.1,41.08
"2024-03-09 09:03:10",,48,40.84
"2024-03-09 09:05:10",,45.58,38.89
"2024-03-09 09:07:10",,45.04,38.03
"2024-03-09 09:09:10",,44.62,38.51
"2024-03-09 09:11:10",,44.73,37.68
"2024-03-09 09:13:10",,44.78,37.8
"2024-03-09 09:15:10",,44.61,37.86
"2024-03-09 09:17:10",,46,38.65
"2024-03-09 09:19:10",,45.58,38.98
"2024-03-09 09:21:10",,43.82,37.11
"2024-03-09 09:23:10",,44.27,36.28
"2024-03-09 09:25:10",,42.59,35.95
"2024-03-09 09:27:10",,42.52,34.8
"2024-03-09 09:29:10",,40.91,34.95
"2024-03-09 09:31:10",,41.77,34.52
"2024-03-09 09:33:10",,41.28,32.64
"2024-03-09 09:35:10",,40.24,32.36
"2024-03-09 09:37:10",,41.25,33.8
"2024-03-09 09:39:10",,39.89,32.7
"2024-03-09 09:41:10",,39.91,33.42
"2024-03-09 09:43:10",,39.89,33.33
"2024-03-09 09:45:10",,41.66,35.07
"2024-03-09 09:47:10",,41.62,33.66
"2024-03-09 09:49:10",,40.35,33.12
"2024-03-09 09:51:10",,41.07,33.75
"2024-03-09 09:53:10",,40.93,33.37
"2024-03-09 09:55:10",,40.57,31.72
"2024-03-09 09:57:10",,40.07,33.33
"2024-03-09 09:59:11",,40.72,32.95
"2024-03-09 10:01:11",,39.43,33.9
"2024-03-09 10:03:11",,49.46,40.44
"2024-03-09 10:05:11",,42.28,35.29
"2024-03-09 10:07:11",,38.79,32.64
"2024-03-09 10:09:11",,39.58,33.11
"2024-03-09 10:11:11",,39.3,31.77
"2024-03-09 10:13:11",,39.31,31.8
"2024-03-09 10:15:11",,38.96,31.45
"2024-03-09 10:17:11",,39.33,32.95
"2024-03-09 10:19:11",,39.88,32.67
"2024-03-09 10:21:11",,39.71,33.19
"2024-03-09 10:23:11",,40.07,33.11
"2024-03-09 10:25:11",,39.06,32.26
"2024-03-09 10:27:11",,37.09,31.41
"2024-03-09 10:29:11",,36.53,30.52
"2024-03-09 10:31:11",,36.61,29.6
"2024-03-09 10:33:11",,35.05,28.16
"2024-03-09 10:35:11",,36,29.12
"2024-03-09 10:37:11",,35.3,31.07
"2024-03-09 10:39:11",,36.61,30.04
"2024-03-09 10:41:11",,36.04,30.89
"2024-03-09 10:43:11",,36.22,30.75
"2024-03-09 10:45:11",,35.98,29.82
"2024-03-09 10:47:11",,36.74,31.02
"2024-03-09 10:49:11",,37.12,31.04
"2024-03-09 10:51:11",,35.64,29.25
"2024-03-09 10:53:11",,35.61,30.02
"2024-03-09 10:55:11",,34.91,30.2
"2024-03-09 10:57:11",,33.89,28.84
"2024-03-09 10:59:12",,34.76,28
"2024-03-09 11:01:12",,35.44,30.5
"2024-03-09 11:03:12",,35.21,30.21
"2024-03-09 11:05:12",,34.31,29.58
"2024-03-09 11:07:12",,34.64,29.61
"2024-03-09 11:09:12",,34.66,28.22
"2024-03-09 11:11:12",,33.21,29.19
"2024-03-09 11:13:12",,34.67,28.8
"2024-03-09 11:15:12",,33.98,29.18
"2024-03-09 11:17:12",,34.18,29.02
"2024-03-09 11:19:12",,35.02,28.6
"2024-03-09 11:21:12",,34.98,29.37
"2024-03-09 11:23:12",,35.41,29.41
"2024-03-09 11:25:12",,33.73,28.89
"2024-03-09 11:27:12",,33.6,28.86
"2024-03-09 11:29:12",,36.25,30.47
"2024-03-09 11:31:12",,35.88,29.86
"2024-03-09 11:33:12",,34.37,29.36
"2024-03-09 11:35:12",,33.53,29.54
"2024-03-09 11:37:12",,35.55,29.79
"2024-03-09 11:39:12",,33.77,29.53
"2024-03-09 11:41:12",,36.46,30.2
"2024-03-09 11:43:12",,35.83,31
"2024-03-09 11:45:12",,35.29,29.67
"2024-03-09 11:47:12",,33.88,30.09
"2024-03-09 11:49:12",,33.59,28.96
"2024-03-09 11:51:12",,34.45,29.75
"2024-03-09 11:53:12",,35.37,29.79
"2024-03-09 11:55:12",,35.22,29.63
"2024-03-09 11:57:12",,33.25,29.71
"2024-03-09 11:59:13",,34.75,29.93
"2024-03-09 12:01:13",,35.42,29.85
"2024-03-09 12:03:13",,37.02,30.12
"2024-03-09 12:05:13",,35.88,30.22
"2024-03-09 12:07:13",,34.47,28.04
"2024-03-09 12:09:13",,35.72,29.07
"2024-03-09 12:11:13",,34.55,27.98
"2024-03-09 12:13:13",,35.23,29.86
"2024-03-09 12:15:13",,36.25,30.15
"2024-03-09 12:17:13",,35.23,29.78
"2024-03-09 12:19:13",,35.79,30.04
"2024-03-09 12:21:13",,35.61,30.11
"2024-03-09 12:23:13",,35.74,30.35
"2024-03-09 12:25:13",,36,30.47
"2024-03-09 12:27:13",,35.69,30.97
"2024-03-09 12:29:13",,35.14,29.38
"2024-03-09 12:31:13",,35.51,30.44
"2024-03-09 12:33:13",,36.2,29.81
"2024-03-09 12:35:13",,36.69,30.27
"2024-03-09 12:37:13",,35.25,30.68
"2024-03-09 12:39:13",,36.09,29.93
"2024-03-09 12:41:13",,37.12,30.18
"2024-03-09 12:43:13",,37.04,30.14
"2024-03-09 12:45:13",,37.04,29.16
"2024-03-09 12:47:13",,37.62,30.6
"2024-03-09 12:49:13",,37.13,29.33
"2024-03-09 12:51:13",,36.09,30.62
"2024-03-09 12:53:13",,36.79,29.19
"2024-03-09 12:55:13",,37.03,31.67
"2024-03-09 12:57:13",,38,30.8
"2024-03-09 12:59:14",,37.32,30.07
"2024-03-09 13:01:14",,37.73,30.92
"2024-03-09 13:03:14",,37.93,32.07
"2024-03-09 13:05:14",,36.87,32.47
"2024-03-09 13:07:14",,37.18,30.75
"2024-03-09 13:09:14",,38.28,31.3
"2024-03-09 13:11:14",,37.95,31.31
"2024-03-09 13:13:14",,37.82,31.64
"2024-03-09 13:15:14",,38.05,32.41
"2024-03-09 13:17:14",,38.31,32.36
"2024-03-09 13:19:14",,39.05,33.42
"2024-03-09 13:21:14",,40.83,33.74
"2024-03-09 13:23:14",,49.93,42.53
"2024-03-09 13:25:14",,37.19,33.65
"2024-03-09 13:27:14",,36.63,32.44
"2024-03-09 13:29:14",,36.31,31.91
"2024-03-09 13:31:14",,37.83,31.47
"2024-03-09 13:33:14",,36.28,30.39
"2024-03-09 13:35:14",,36.98,31.2
"2024-03-09 13:37:14",,38.44,32.12
"2024-03-09 13:39:14",,38.87,31.53
"2024-03-09 13:41:14",,38.56,32.2
"2024-03-09 13:43:14",,37.39,31.67
"2024-03-09 13:45:14",,38.19,31.62
"2024-03-09 13:47:14",,37.8,30.19
"2024-03-09 13:49:14",,36.09,31.49
"2024-03-09 13:51:14",,38.49,32.66
"2024-03-09 13:53:14",,36.68,30.69
"2024-03-09 13:55:14",,37.52,30.86
"2024-03-09 13:57:14",,37.09,32
"2024-03-09 13:59:15",,37.24,32.04
"2024-03-09 14:01:15",,37.04,30.9
"2024-03-09 14:03:15",,38.23,32.86
"2024-03-09 14:05:15",,36.64,31.71
"2024-03-09 14:07:15",,37.88,31.89
"2024-03-09 14:09:15",,36.32,31.75
"2024-03-09 14:11:15",,36.56,32.09
"2024-03-09 14:13:15",,37.03,31.95
"2024-03-09 14:15:15",,37.31,32.38
"2024-03-09 14:17:15",,37.22,31.64
"2024-03-09 14:19:15",,37.56,31.42
"2024-03-09 14:21:15",,37.16,31.02
"2024-03-09 14:23:15",,36.51,31.77
"2024-03-09 14:25:15",,36.77,31.19
"2024-03-09 14:27:15",,37.02,32.36
"2024-03-09 14:29:15",,37.05,31.54
"2024-03-09 14:31:15",,36.75,32.04
"2024-03-09 14:33:15",,36.76,31.98
"2024-03-09 14:35:15",,36.85,32.16
"2024-03-09 14:37:15",,38,32.96
"2024-03-09 14:39:15",,37.86,33.46
"2024-03-09 14:41:15",,37.57,32.21
"2024-03-09 14:43:15",,37.09,31.3
"2024-03-09 14:45:15",,36.13,31.14
"2024-03-09 14:47:15",,36.95,31.85
"2024-03-09 14:49:15",,36.88,32.84
"2024-03-09 14:51:15",,37.62,32.82
"2024-03-09 14:53:15",,38.16,32.7
"2024-03-09 14:55:15",,38.42,33.45
"2024-03-09 14:57:15",,37.14,33.13
"2024-03-09 14:59:35",,38.77,33.09
"2024-03-09 15:01:20",,37.22,31.85
"2024-03-09 15:03:20",,37.74,31.86
"2024-03-09 15:05:20",,38.12,31.91
"2024-03-09 15:07:20",,38.14,31.86
"2024-03-09 15:09:20",,37.31,31.65
"2024-03-09 15:11:20",,37.69,31.28
"2024-03-09 15:13:20",,42.36,36.12
"2024-03-09 15:15:20",,38.59,31.88
"2024-03-09 15:17:20",,37.87,30.86
"2024-03-09 15:19:20",,37.71,32.02
"2024-03-09 15:21:20",,37.45,32.02
"2024-03-09 15:23:20",,37.56,31.65
"2024-03-09 15:25:20",,37.29,32.04
"2024-03-09 15:27:20",,37.63,32.75
"2024-03-09 15:29:20",,36.63,32.21
"2024-03-09 15:31:20",,37.49,32.24
"2024-03-09 15:33:20",,39.9,32.89
"2024-03-09 15:35:20",,40.29,35.17
"2024-03-09 15:37:20",,39.11,33.05
"2024-03-09 15:39:20",,39.5,34.95
"2024-03-09 15:41:20",,43.81,36.95
"2024-03-09 15:43:20",,53.67,44.8
"2024-03-09 15:45:20",,42.89,37.44
"2024-03-09 15:47:20",,39.77,33.65
"2024-03-09 15:49:20",,39.05,34.98
"2024-03-09 15:51:20",,38.28,32.12
"2024-03-09 15:53:20",,38.96,32.47
"2024-03-09 15:55:20",,37.43,33.64
"2024-03-09 15:57:20",,38.49,33
"2024-03-09 15:59:20",,38.82,32.49
"2024-03-09 16:01:21",,38.2,33.72
"2024-03-09 16:03:21",,38.66,34.51
"2024-03-09 16:05:21",,38.69,33.95
"2024-03-09 16:07:21",,38.75,32.67
"2024-03-09 16:09:21",,37.93,32.61
"2024-03-09 16:11:21",,38.08,32.42
"2024-03-09 16:13:21",,38.17,32.91
"2024-03-09 16:15:21",,38.28,33.4
"2024-03-09 16:17:21",,37.52,32.43
"2024-03-09 16:19:21",,38.43,32.7
"2024-03-09 16:21:21",,38.04,33.61
"2024-03-09 16:23:21",,40.16,34.4
"2024-03-09 16:25:21",,40.09,34.19
"2024-03-09 16:27:21",,38.62,33.3
"2024-03-09 16:29:21",,38.3,32.82
"2024-03-09 16:31:21",,39.04,32.4
"2024-03-09 16:33:21",,39.65,34.22
"2024-03-09 16:35:21",,39.22,33.07
"2024-03-09 16:37:21",,38.82,33.45
"2024-03-09 16:39:21",,38.61,32.95
"2024-03-09 16:41:21",,38.84,34.07
"2024-03-09 16:43:21",,39.13,33.2
"2024-03-09 16:45:21",,39.18,32.6
"2024-03-09 16:47:21",,39.04,32.76
"2024-03-09 16:49:21",,39.37,32.98
"2024-03-09 16:51:21",,39.61,33.52
"2024-03-09 16:53:21",,38.04,33
"2024-03-09 16:55:21",,38.93,33.41
"2024-03-09 16:57:21",,38.7,34.64
"2024-03-09 16:59:21",,38.7,32.68
"2024-03-09 17:01:22",,39.98,32.75
"2024-03-09 17:03:22",,39.22,32.75
"2024-03-09 17:05:22",,40.34,34.54
"2024-03-09 17:07:22",,40.37,33.74
"2024-03-09 17:09:22",,39.25,32.14
"2024-03-09 17:11:22",,39.54,31.47
"2024-03-09 17:13:22",,38.6,33.49
"2024-03-09 17:15:22",,39.73,33.33
"2024-03-09 17:17:22",,40.5,34.61
"2024-03-09 17:19:22",,39.46,32.91
"2024-03-09 17:21:22",,38.98,34.07
"2024-03-09 17:23:22",,40.39,33.93
"2024-03-09 17:25:22",,40,32.46
"2024-03-09 17:27:22",,40.79,34.12
"2024-03-09 17:29:22",,39.16,34.14
"2024-03-09 17:31:22",,40.03,33.69
"2024-03-09 17:33:22",,40.09,32.74
"2024-03-09 17:35:22",,40.2,33.49
"2024-03-09 17:37:22",,39.79,34.37
"2024-03-09 17:39:22",,41.46,33.89
"2024-03-09 17:41:22",,40.47,34.56
"2024-03-09 17:43:22",,40.46,34.39
"2024-03-09 17:45:22",,39.8,33.43
"2024-03-09 17:47:22",,40.47,34.81
"2024-03-09 17:49:22",,42.59,37.12
"2024-03-09 17:51:22",,41.91,36.14
"2024-03-09 17:53:22",,42.55,37.34
"2024-03-09 17:55:22",,44.48,38.2
"2024-03-09 17:57:22",,45.64,38.56
"2024-03-09 17:59:22",,45.28,40.04
"2024-03-09 18:01:23",,46.81,41.05
"2024-03-09 18:03:23",,46.3,40.96
"2024-03-09 18:05:23",,45.55,39.74
"2024-03-09 18:07:23",,45,39.18
"2024-03-09 18:09:23",,44.2,37.71
"2024-03-09 18:11:23",,43.35,36.73
"2024-03-09 18:13:23",,42.53,37.2
"2024-03-09 18:15:23",,42.15,37.02
"2024-03-09 18:17:23",,43.45,36.36
"2024-03-09 18:19:23",,42.73,36.43
"2024-03-09 18:21:23",,43.75,36.35
"2024-03-09 18:23:23",,43.36,36.95
"2024-03-09 18:25:23",,41.8,35.4
"2024-03-09 18:27:23",,42.1,34.61
"2024-03-09 18:29:23",,41.38,34.62
"2024-03-09 18:31:23",,42.64,33.97
"2024-03-09 18:33:23",,42.42,34.64
"2024-03-09 18:35:23",,42.2,35.09
"2024-03-09 18:37:23",,41.1,35.26
"2024-03-09 18:39:23",,41.65,34.95
"2024-03-09 18:41:23",,42.2,36
"2024-03-09 18:43:23",,41.78,35.98
"2024-03-09 18:45:23",,41.56,35.29
"2024-03-09 18:47:23",,40.89,35
"2024-03-09 18:49:23",,41.58,34.95
"2024-03-09 18:51:23",,41.59,34.47
"2024-03-09 18:53:23",,41.68,35.72
"2024-03-09 18:55:23",,42.11,36.18
"2024-03-09 18:57:23",,41.59,36.16
"2024-03-09 18:59:23",,42.26,35.75
"2024-03-09 19:01:24",,42.29,37
"2024-03-09 19:03:24",,42.27,34.85
"2024-03-09 19:05:24",,41.86,37.55
"2024-03-09 19:07:24",,42.95,36.15
"2024-03-09 19:09:24",,42.37,36
"2024-03-09 19:11:24",,42.24,34.6
"2024-03-09 19:13:24",,42.25,35.93
"2024-03-09 19:15:24",,42.58,36.46
"2024-03-09 19:17:24",,42.4,36.47
"2024-03-09 19:19:24",,44.52,37.48
"2024-03-09 19:21:24",,42.98,36.86
"2024-03-09 19:23:24",,43.45,36.27
"2024-03-09 19:25:24",,42.17,36.04
"2024-03-09 19:27:24",,42.37,36.31
"2024-03-09 19:29:24",,41.09,34.98
"2024-03-09 19:31:24",,41.18,35.26
"2024-03-09 19:33:24",,42.05,34.43
"2024-03-09 19:35:24",,42.37,36.5
"2024-03-09 19:37:24",,41.91,36.59
"2024-03-09 19:39:24",,42.42,36.64
"2024-03-09 19:41:24",,43.45,34.54
"2024-03-09 19:43:24",,42.09,34.66
"2024-03-09 19:45:24",,41.96,36.66
"2024-03-09 19:47:24",,42.98,36.59
"2024-03-09 19:49:24",,42.4,35.81
"2024-03-09 19:51:24",,43.24,36.46
"2024-03-09 19:53:24",,42.72,37.1
"2024-03-09 19:55:24",,43,37.56
"2024-03-09 19:57:24",,43.89,37.2
"2024-03-09 19:59:24",,44.76,36.96
"2024-03-09 20:01:25",,44.7,38.84
"2024-03-09 20:03:25",,44.56,38.77
"2024-03-09 20:05:25",,45.49,38.56
"2024-03-09 20:07:25",,45.91,38.61
"2024-03-09 20:09:25",,45.57,38.12
"2024-03-09 20:11:25",,46.16,38.49
"2024-03-09 20:13:25",,46.13,39.05
"2024-03-09 20:15:25",,46.66,39.46
"2024-03-09 20:17:25",,46.42,39.6
"2024-03-09 20:19:25",,46.29,39.11
"2024-03-09 20:21:25",,47.02,39.3
"2024-03-09 20:23:25",,47.68,40.09
"2024-03-09 20:25:25",,48.42,41.4
"2024-03-09 20:27:25",,49.68,42.34
"2024-03-09 20:29:25",,52.16,43.86
"2024-03-09 20:31:25",,52.19,44.39
"2024-03-09 20:33:25",,52.61,44.47
"2024-03-09 20:35:25",,53.37,44.38
"2024-03-09 20:37:25",,55.79,45.89
"2024-03-09 20:39:25",,56.32,46.21
"2024-03-09 20:41:25",,60.85,47.14
"2024-03-09 20:43:25",,60.43,48.15
"2024-03-09 20:45:25",,61.26,49.12
"2024-03-09 20:47:25",,63.38,48.91
"2024-03-09 20:49:25",,64.53,49.27
"2024-03-09 20:51:25",,61.51,48.75
"2024-03-09 20:53:25",,63,48.85
"2024-03-09 20:55:25",,61.65,48.16
"2024-03-09 20:57:25",,65.36,49.18
"2024-03-09 20:59:25",,61.28,48.59
"2024-03-09 21:01:26",,62.95,49.84
"2024-03-09 21:03:26",,63.02,49.07
"2024-03-09 21:05:26",,64.98,50.21
"2024-03-09 21:07:26",,60.93,48.18
"2024-03-09 21:09:26",,60.49,48.67
"2024-03-09 21:11:26",,59.96,47.19
"2024-03-09 21:13:26",,57.07,47.47
"2024-03-09 21:15:26",,57.02,46.58
"2024-03-09 21:17:26",,55.37,46.11
"2024-03-09 21:19:26",,53.83,45.31
"2024-03-09 21:21:26",,53.44,44.97
"2024-03-09 21:23:26",,52.8,44.85
"2024-03-09 21:25:26",,53.23,44.88
"2024-03-09 21:27:26",,52.89,44.63
"2024-03-09 21:29:26",,50.69,44
"2024-03-09 21:31:26",,50.36,42.57
"2024-03-09 21:33:26",,49.75,42.74
"2024-03-09 21:35:26",,50.31,41.92
"2024-03-09 21:37:26",,58.26,47.43
"2024-03-09 21:39:26",,53.36,44.45
"2024-03-09 21:41:26",,54.98,44.94
"2024-03-09 21:43:26",,53.45,44.71
"2024-03-09 21:45:26",,54.63,45.59
"2024-03-09 21:47:26",,50.24,43.68
"2024-03-09 21:49:26",,59,48.54
"2024-03-09 21:51:26",,52.48,45.51
"2024-03-09 21:53:26",,60.33,47.87
"2024-03-09 21:55:26",,75.96,56.81
"2024-03-09 21:57:26",,54.07,46.64
"2024-03-09 21:59:26",,78.09,59
"2024-03-09 22:01:27",,62.38,49.33
"2024-03-09 22:03:27",,66.79,51.74
"2024-03-09 22:05:27",,67.82,50.8
"2024-03-09 22:07:27",,61.69,48.18
"2024-03-09 22:09:27",,52.62,44.44
"2024-03-09 22:11:27",,55.89,46
"2024-03-09 22:13:27",,56.63,46.11
"2024-03-09 22:15:27",,50.22,43.96
"2024-03-09 22:17:27",,54.52,44.71
"2024-03-09 22:19:27",,52.71,44.9
"2024-03-09 22:21:27",,49.29,41.47
"2024-03-09 22:23:27",,49.6,41.71
"2024-03-09 22:25:27",,49.45,41.69
"2024-03-09 22:27:27",,53.64,44.82
"2024-03-09 22:29:27",,48.53,40.76
"2024-03-09 22:31:27",,48.22,40.73
"2024-03-09 22:33:27",,53.08,43.98
"2024-03-09 22:35:27",,54.75,44.52
"2024-03-09 22:37:27",,48.95,42.41
"2024-03-09 22:39:27",,50.71,42.18
"2024-03-09 22:41:27",,48.53,42.72
"2024-03-09 22:43:27",,45.61,37.63
"2024-03-09 22:45:27",,44.67,38.07
"2024-03-09 22:47:27",,44.74,38.27
"2024-03-09 22:49:27",,45.02,38.07
"2024-03-09 22:51:27",,45.8,37.57
"2024-03-09 22:53:27",,44.66,37.3
"2024-03-09 22:55:27",,45.24,37.18
"2024-03-09 22:57:27",,48,40.04
"2024-03-09 22:59:27",,50.62,42.76
"2024-03-09 23:01:28",,52.16,43.05
"2024-03-09 23:03:28",,47.19,40.48
"2024-03-09 23:05:28",,50.33,42.91
"2024-03-09 23:07:28",,46.84,39.31
"2024-03-09 23:09:28",,46.71,39.48
"2024-03-09 23:11:28",,46,38.44
"2024-03-09 23:13:28",,44.39,39.83
"2024-03-09 23:15:28",,48.25,40.67
"2024-03-09 23:17:28",,49.39,41.54
"2024-03-09 23:19:28",,47.14,40.45
"2024-03-09 23:21:28",,49.02,41.64
"2024-03-09 23:23:28",,47.46,40.45
"2024-03-09 23:25:28",,49.38,42.04
"2024-03-09 23:27:28",,49.53,41.86
"2024-03-09 23:29:28",,50.08,42.32
"2024-03-09 23:31:28",,53.78,43.21
"2024-03-09 23:33:28",,54.51,45.17
"2024-03-09 23:35:28",,50.22,42.31
"2024-03-09 23:37:28",,61.51,48.68
"2024-03-09 23:39:30",,64.56,48.94
"2024-03-09 23:41:28",,56.16,45.43
"2024-03-09 23:43:28",,50.48,42.75
"2024-03-09 23:45:28",,50.87,43.21
"2024-03-09 23:47:28",,49.75,41.95
"2024-03-09 23:49:28",,51.12,42.62
"2024-03-09 23:51:28",,48.4,41.25
"2024-03-09 23:53:29",,49.15,41.25
"2024-03-09 23:55:28",,50.17,42.31
"2024-03-09 23:57:28",,48.91,41.53
"2024-03-09 23:59:28",,49.89,40.69
"2024-03-10 00:01:32",,49.61,40.7
"2024-03-10 00:03:32",,48.83,41.11
"2024-03-10 00:05:32",,47.9,41.54
"2024-03-10 00:07:32",,48.6,41.18
"2024-03-10 00:09:32",,47.95,40.33
"2024-03-10 00:11:32",,47.24,40.83
"2024-03-10 00:13:32",,48.76,40.43
"2024-03-10 00:15:32",,47.21,40.15
"2024-03-10 00:17:32",,47.49,39.98
"2024-03-10 00:19:32",,47.42,39.26
"2024-03-10 00:21:32",,48.38,40.17
"2024-03-10 00:23:32",,46.46,39.96
"2024-03-10 00:25:32",,47.15,39.89
"2024-03-10 00:27:32",,47.72,40.74
"2024-03-10 00:29:32",,46.64,39.89
"2024-03-10 00:31:32",,48.05,39.87
"2024-03-10 00:33:33",,48.04,39.82
"2024-03-10 00:35:32",,46.11,39.42
"2024-03-10 00:37:32",,46.13,38.56
"2024-03-10 00:39:32",,47.65,40.41
"2024-03-10 00:41:32",,46.12,37.35
"2024-03-10 00:43:32",,48.11,39.65
"2024-03-10 00:45:32",,46.55,39.34
"2024-03-10 00:47:32",,47.05,37.89
"2024-03-10 00:49:32",,45.58,37.93
"2024-03-10 00:51:32",,45.86,37.6
"2024-03-10 00:53:32",,44.98,37.98
"2024-03-10 00:55:32",,44.96,38.74
"2024-03-10 00:57:32",,46.24,37.8
"2024-03-10 00:59:32",,46.79,38.98
"2024-03-10 01:01:36",,45.28,38.71
"2024-03-10 01:03:36",,46.15,38.38
"2024-03-10 01:05:36",,45.79,39.77
"2024-03-10 01:07:36",,47.05,38.41
"2024-03-10 01:09:36",,46.87,37.96
"2024-03-10 01:11:36",,47.23,39.15
"2024-03-10 01:13:36",,48.14,39.18
"2024-03-10 01:15:36",,46.77,38.66
"2024-03-10 01:17:36",,46.55,39.47
"2024-03-10 01:19:36",,47.14,39.73
"2024-03-10 01:21:36",,47.09,39.14
"2024-03-10 01:23:36",,47.3,39
"2024-03-10 01:25:36",,46.83,39.17
"2024-03-10 01:27:36",,46.54,38.22
"2024-03-10 01:29:36",,47.44,39.48
"2024-03-10 01:31:36",,46.71,38.49
"2024-03-10 01:33:36",,45.91,39.34
"2024-03-10 01:35:36",,45.32,39.12
"2024-03-10 01:37:36",,46.63,38.53
"2024-03-10 01:39:36",,45.42,39.02
"2024-03-10 01:41:36",,45.72,39.37
"2024-03-10 01:43:36",,46.18,39.24
"2024-03-10 01:45:36",,47.4,39.34
"2024-03-10 01:47:36",,46.12,38.59
"2024-03-10 01:49:36",,46.69,38.75
"2024-03-10 01:51:36",,47.38,38.49
"2024-03-10 01:53:36",,46.98,38.93
"2024-03-10 01:55:36",,46,38.62
"2024-03-10 01:57:36",,45.51,39.35
"2024-03-10 01:59:36",,46.63,37.91
"2024-03-10 02:01:37",,45.79,39.02
"2024-03-10 02:03:37",,45.78,38.33
"2024-03-10 02:05:37",,46.08,39.5
"2024-03-10 02:07:37",,46.62,38.63
"2024-03-10 02:09:37",,48.84,40.35
"2024-03-10 02:11:37",,47.95,41.86
"2024-03-10 02:13:37",,48.66,41.11
"2024-03-10 02:15:37",,48.28,42.52
"2024-03-10 02:17:37",,47,40.5
"2024-03-10 02:19:37",,48.47,40.73
"2024-03-10 02:21:37",,47.29,39.86
"2024-03-10 02:23:37",,46.8,40.38
"2024-03-10 02:25:37",,46.23,39.62
"2024-03-10 02:27:37",,45.71,39.35
"2024-03-10 02:29:37",,45.5,38.65
"2024-03-10 02:31:37",,47.24,39.25
"2024-03-10 02:33:37",,46.37,38.68
"2024-03-10 02:35:37",,45.28,38.63
"2024-03-10 02:37:37",,45.12,38.36
"2024-03-10 02:39:37",,44.58,38.26
"2024-03-10 02:41:37",,44.96,38.09
"2024-03-10 02:43:37",,43.72,37.55
"2024-03-10 02:45:37",,44.18,37.05
"2024-03-10 02:47:37",,43.98,37.71
"2024-03-10 02:49:37",,44.84,36.78
"2024-03-10 02:51:37",,43.7,35.07
"2024-03-10 02:53:37",,43.8,36.33
"2024-03-10 02:55:37",,44.6,35.48
"2024-03-10 02:57:37",,43.28,36.02
"2024-03-10 02:59:37",,43.18,36.09
"2024-03-10 03:01:38",,44,35.8
"2024-03-10 03:03:38",,43.48,35.66
"2024-03-10 03:05:38",,43.23,36.57
"2024-03-10 03:07:38",,44.23,38.27
"2024-03-10 03:09:38",,43.8,37.12
"2024-03-10 03:11:38",,44.23,37.02
"2024-03-10 03:13:38",,44.48,36.84
"2024-03-10 03:15:38",,44.64,37
"2024-03-10 03:17:38",,44.71,38.19
"2024-03-10 03:19:38",,46.44,37.73
"2024-03-10 03:21:38",,45.69,38.96
"2024-03-10 03:23:38",,49.61,41.92
"2024-03-10 03:25:38",,49.11,42.46
"2024-03-10 03:27:38",,50.21,42.48
"2024-03-10 03:29:38",,49.2,41.22
"2024-03-10 03:31:38",,48,40.89
"2024-03-10 03:33:38",,49.49,41.05
"2024-03-10 03:35:38",,50.41,42.65
"2024-03-10 03:37:38",,59.66,48.13
"2024-03-10 03:39:38",,70.43,55.79
"2024-03-10 03:41:38",,45.95,39
"2024-03-10 03:43:38",,44.42,37.54
"2024-03-10 03:45:38",,45.23,37.23
"2024-03-10 03:47:38",,43.12,35.72
"2024-03-10 03:49:38",,44.6,37.05
"2024-03-10 03:51:38",,43.57,37.34
"2024-03-10 03:53:38",,44,37.91
"2024-03-10 03:55:38",,45.25,38.56
"2024-03-10 03:57:38",,44.96,36.72
"2024-03-10 03:59:38",,45.2,37.7
"2024-03-10 04:01:39",,43.74,37.69
"2024-03-10 04:03:39",,44.35,38.12
"2024-03-10 04:05:39",,45.3,38.11
"2024-03-10 04:07:39",,44.16,37.55
"2024-03-10 04:09:39",,44.86,37.62
"2024-03-10 04:11:39",,44.22,37.96
"2024-03-10 04:13:39",,43.76,37.61
"2024-03-10 04:15:39",,44.07,37.09
"2024-03-10 04:17:39",,44.89,37.59
"2024-03-10 04:19:39",,45.75,38.17
"2024-03-10 04:21:39",,45.75,38.29
"2024-03-10 04:23:39",,44.51,37.89
"2024-03-10 04:25:39",,45.98,38.48
"2024-03-10 04:27:39",,45.27,37.96
"2024-03-10 04:29:39",,44.08,37.64
"2024-03-10 04:31:39",,44.72,38.17
"2024-03-10 04:33:39",,45.25,37.93
"2024-03-10 04:35:39",,44.61,38.39
"2024-03-10 04:37:39",,44.74,37.04
"2024-03-10 04:39:39",,44.89,36.82
"2024-03-10 04:41:39",,45.11,38.8
"2024-03-10 04:43:39",,45.7,37.88
"2024-03-10 04:45:39",,44.93,38.24
"2024-03-10 04:47:39",,45.5,38.39
"2024-03-10 04:49:39",,45.11,38.62
"2024-03-10 04:51:39",,44.96,38.11
"2024-03-10 04:53:39",,45.21,38.93
"2024-03-10 04:55:39",,46.22,38.61
"2024-03-10 04:57:39",,46.04,38.65
"2024-03-10 04:59:39",,45.84,39.45
"2024-03-10 05:01:40",,46.16,39.41
"2024-03-10 05:03:40",,45.92,39.43
"2024-03-10 05:05:40",,46,37.89
"2024-03-10 05:07:40",,46.05,38.58
"2024-03-10 05:09:40",,45.84,39.14
"2024-03-10 05:11:40",,46.36,39.21
"2024-03-10 05:13:40",,47.68,39.09
"2024-03-10 05:15:40",,45.47,38.67
"2024-03-10 05:17:40",,46.04,37.74
"2024-03-10 05:19:40",,45.91,38.95
"2024-03-10 05:21:40",,45.5,37.87
"2024-03-10 05:23:40",,44.93,38.65
"2024-03-10 05:25:40",,43.12,38.62
"2024-03-10 05:27:40",,43.48,38.07
"2024-03-10 05:29:51",,44.58,36.93
"2024-03-10 05:31:40",,43.96,36.57
"2024-03-10 05:33:40",,44.82,37.21
"2024-03-10 05:35:40",,44.25,36.19
"2024-03-10 05:37:40",,43.89,36.59
"2024-03-10 05:39:40",,43.77,37.86
"2024-03-10 05:41:40",,43.36,37.34
"2024-03-10 05:43:40",,43.35,37.53
"2024-03-10 05:45:40",,43.37,37.19
"2024-03-10 05:47:40",,44.07,36.41
"2024-03-10 05:49:40",,43.28,36.98
"2024-03-10 05:51:40",,44.2,36.95
"2024-03-10 05:53:40",,43.35,36.63
"2024-03-10 05:55:40",,43.28,36.89
"2024-03-10 05:57:40",,43.46,37.3
"2024-03-10 05:59:40",,43.82,37.57
"2024-03-10 06:01:41",,43.69,36.61
"2024-03-10 06:03:41",,44.95,36.59
"2024-03-10 06:05:41",,44.47,37.02
"2024-03-10 06:07:41",,43.75,36.47
"2024-03-10 06:09:41",,44.47,36.63
"2024-03-10 06:11:41",,44.47,36.65
"2024-03-10 06:13:41",,43.74,36.41
"2024-03-10 06:15:41",,44.15,35.74
"2024-03-10 06:17:41",,43.82,36.7
"2024-03-10 06:19:41",,45.29,38.57
"2024-03-10 06:21:41",,54.62,43.33
"2024-03-10 06:23:41",,216.23,173.11
"2024-03-10 06:25:41",,344.24,271.95
"2024-03-10 06:27:41",,223.47,167.79
"2024-03-10 06:29:41",,157.68,114.16
"2024-03-10 06:31:41",,216.35,159.69
"2024-03-10 06:33:41",,127.91,92.64
"2024-03-10 06:35:41",,94.24,69.17
"2024-03-10 06:37:41",,84.49,63.51
"2024-03-10 06:39:41",,65.68,50.26
"2024-03-10 06:41:41",,79.95,58.84
"2024-03-10 06:43:41",,69.76,52.13
"2024-03-10 06:45:41",,70.98,54.56
"2024-03-10 06:47:41",,52.93,45.47
"2024-03-10 06:49:41",,44.75,38.96
"2024-03-10 06:51:41",,45.34,38.13
"2024-03-10 06:53:41",,46.98,39.55
"2024-03-10 06:55:41",,47.37,40.39
"2024-03-10 06:57:41",,51.4,42.67
"2024-03-10 06:59:41",,45.04,37.16
"2024-03-10 07:01:42",,46,39.66
"2024-03-10 07:03:42",,51.2,42.75
"2024-03-10 07:05:42",,47.11,39.93
"2024-03-10 07:07:42",,50.07,43.75
"2024-03-10 07:09:42",,50.17,43.57
"2024-03-10 07:11:42",,44.72,38.56
"2024-03-10 07:13:42",,43.97,35.91
"2024-03-10 07:15:42",,47.61,39.98
"2024-03-10 07:17:42",,53.76,44.3
"2024-03-10 07:19:42",,50.04,43.02
"2024-03-10 07:21:42",,45.28,37.74
"2024-03-10 07:23:42",,44.19,36.69
"2024-03-10 07:25:42",,43.33,35.89
"2024-03-10 07:27:42",,43.24,36.64
"2024-03-10 07:29:42",,44.06,36.42
"2024-03-10 07:31:42",,43.43,37.24
"2024-03-10 07:33:42",,43.38,35.74
"2024-03-10 07:35:42",,42.83,36.55
"2024-03-10 07:37:42",,44.44,38.55
"2024-03-10 07:39:42",,43.54,37.76
"2024-03-10 07:41:42",,44.75,37.56
"2024-03-10 07:43:42",,44.93,38.71
"2024-03-10 07:45:42",,45.73,38.35
"2024-03-10 07:47:42",,47.29,38.19
"2024-03-10 07:49:42",,45.58,39.8
"2024-03-10 07:51:42",,45.36,39.09
"2024-03-10 07:53:42",,46.57,39.54
"2024-03-10 07:55:42",,45.85,39.33
"2024-03-10 07:57:42",,46.23,38.79
"2024-03-10 07:59:42",,46.73,40.25
"2024-03-10 08:01:43",,49.89,42.4
"2024-03-10 08:03:43",,49.33,41.19
"2024-03-10 08:05:43",,50.69,43.27
"2024-03-10 08:07:43",,51.89,44.49
"2024-03-10 08:09:43",,78.05,58.93
"2024-03-10 08:11:43",,61.61,49.83
"2024-03-10 08:13:43",,57.37,47.95
"2024-03-10 08:15:43",,50.85,43.43
"2024-03-10 08:17:43",,51.34,43.52
"2024-03-10 08:19:43",,49.75,42.61
"2024-03-10 08:21:43",,49.41,42.84
"2024-03-10 08:23:43",,48.4,42.26
"2024-03-10 08:25:43",,48.36,42.44
"2024-03-10 08:27:43",,50.59,43.5
"2024-03-10 08:29:43",,50.62,43.55
"2024-03-10 08:31:43",,51.46,43.44
"2024-03-10 08:33:43",,51.43,44.19
"2024-03-10 08:35:43",,51.84,44.35
"2024-03-10 08:37:43",,51.44,43.69
"2024-03-10 08:39:43",,58.09,47.96
"2024-03-10 08:41:43",,58.13,47.73
"2024-03-10 08:43:43",,53.23,45.84
"2024-03-10 08:45:43",,54.46,45.62
"2024-03-10 08:47:43",,53.19,45.16
"2024-03-10 08:49:43",,53.75,45.47
"2024-03-10 08:51:43",,55.45,45.84
"2024-03-10 08:53:43",,54.91,46.25
"2024-03-10 08:55:43",,56.51,46.28
"2024-03-10 08:57:43",,55.29,46.4
"2024-03-10 08:59:43",,55.84,47.6
"2024-03-10 09:01:43",,58.13,46.49
"2024-03-10 09:03:43",,56.32,46.76
"2024-03-10 09:05:43",,55,46.85
"2024-03-10 09:07:43",,56.8,46.55
"2024-03-10 09:09:43",,57.14,46.84
"2024-03-10 09:11:44",,57,47.76
"2024-03-10 09:13:43",,55.75,47.14
"2024-03-10 09:15:43",,54.41,47.2
"2024-03-10 09:17:43",,56.7,47.18
"2024-03-10 09:19:43",,55.69,46.29
"2024-03-10 09:21:43",,53.52,46.89
"2024-03-10 09:23:43",,53.61,46.3
"2024-03-10 09:25:43",,55.44,46.76
"2024-03-10 09:27:43",,54,46.16
"2024-03-10 09:29:44",,55.2,46.8
"2024-03-10 09:31:43",,55.09,46.46
"2024-03-10 09:33:43",,53.84,46.57
"2024-03-10 09:35:43",,54.82,46.04
"2024-03-10 09:37:43",,55.02,45.17
"2024-03-10 09:39:43",,54.55,46.64
"2024-03-10 09:41:44",,56.35,47.31
"2024-03-10 09:43:43",,55.76,47.25
"2024-03-10 09:45:43",,56.76,47.28
"2024-03-10 09:47:43",,53.05,46.35
"2024-03-10 09:49:44",,54.39,45.44
"2024-03-10 09:51:45",,53.44,45.77
"2024-03-10 09:53:43",,54.28,44.96
"2024-03-10 09:55:43",,53.57,45.07
"2024-03-10 09:57:44",,54.53,44.44
"2024-03-10 09:59:44",,52.3,44.45
"2024-03-10 10:01:44",,53.04,44.3
"2024-03-10 10:03:44",,58.58,47
"2024-03-10 10:05:44",,53.22,45.2
"2024-03-10 10:07:44",,54.09,45.35
"2024-03-10 10:09:44",,51.84,43.8
"2024-03-10 10:11:45",,52.07,45.13
"2024-03-10 10:13:44",,51.62,43.53
"2024-03-10 10:15:44",,51.74,44.54
"2024-03-10 10:17:44",,50.11,42.74
"2024-03-10 10:19:44",,50.22,42.35
"2024-03-10 10:21:45",,49.62,42.16
"2024-03-10 10:23:44",,49.57,41.26
"2024-03-10 10:25:44",,49.55,42.17
"2024-03-10 10:27:44",,47.67,40.12
"2024-03-10 10:29:44",,48.6,40.21
"2024-03-10 10:31:45",,47.72,41.51
"2024-03-10 10:33:45",,47.67,40.64
"2024-03-10 10:35:44",,48.46,41.25
"2024-03-10 10:37:44",,48.21,40.76
"2024-03-10 10:39:45",,46.27,39.63
"2024-03-10 10:41:44",,47.06,40.29
"2024-03-10 10:43:44",,47.16,40.02
"2024-03-10 10:45:45",,47.5,41.19
"2024-03-10 10:47:45",,48.19,40.6
"2024-03-10 10:49:44",,47.49,39.85
"2024-03-10 10:51:44",,48.44,41.84
"2024-03-10 10:53:44",,49.3,40.52
"2024-03-10 10:55:44",,48.96,42.27
"2024-03-10 10:57:44",,48.78,41.95
"2024-03-10 10:59:44",,48.8,41.27
"2024-03-10 11:01:46",,48.71,41.75
"2024-03-10 11:03:46",,46.57,40.67
"2024-03-10 11:05:45",,46.71,40.2
"2024-03-10 11:07:46",,47.12,40.84
"2024-03-10 11:09:45",,47.98,42.04
"2024-03-10 11:11:46",,49.72,42.71
"2024-03-10 11:13:46",,49.96,43.07
"2024-03-10 11:15:46",,48.34,41.87
"2024-03-10 11:17:45",,49.64,42.39
"2024-03-10 11:19:45",,49.73,43.19
"2024-03-10 11:21:45",,48.64,42.09
"2024-03-10 11:23:46",,49.25,42.96
"2024-03-10 11:25:46",,49.02,42.06
"2024-03-10 11:27:46",,49.62,41.7
"2024-03-10 11:29:46",,51.12,43.63
"2024-03-10 11:31:45",,51.18,43.14
"2024-03-10 11:33:46",,50.87,43.27
"2024-03-10 11:35:45",,50.89,43.79
"2024-03-10 11:37:46",,52.05,44.5
"2024-03-10 11:39:45",,51.91,43.6
"2024-03-10 11:41:46",,51.25,43.54
"2024-03-10 11:43:45",,49.73,42.22
"2024-03-10 11:45:46",,45.24,39.31
"2024-03-10 11:47:45",,45.39,39.62
"2024-03-10 11:49:46",,47.25,40.58
"2024-03-10 11:51:46",,48.61,41.39
"2024-03-10 11:53:46",,48.77,41.49
"2024-03-10 11:55:46",,48,40.57
"2024-03-10 11:57:46",,48.39,40.36
"2024-03-10 11:59:46",,47.81,40.14
"2024-03-10 12:01:46",,48.8,41.03
"2024-03-10 12:03:46",,48.31,40.36
"2024-03-10 12:05:47",,46.76,40.35
"2024-03-10 12:07:46",,46.17,38.93
"2024-03-10 12:09:46",,47.67,39.62
"2024-03-10 12:11:47",,49.33,41.37
"2024-03-10 12:13:47",,48.6,41.37
"2024-03-10 12:15:46",,45.95,38.53
"2024-03-10 12:17:46",,47.07,40.48
"2024-03-10 12:19:47",,48.52,40.52
"2024-03-10 12:21:46",,47.22,40.76
"2024-03-10 12:23:47",,46.89,40.31
"2024-03-10 12:25:47",,47.04,39.2
"2024-03-10 12:27:46",,46.82,39.73
"2024-03-10 12:29:46",,45.93,38.96
"2024-03-10 12:31:47",,45.81,39.5
"2024-03-10 12:33:46",,46.5,38.93
"2024-03-10 12:35:46",,45.72,38.32
"2024-03-10 12:37:47",,44.72,38.3
"2024-03-10 12:39:46",,45.15,39.09
"2024-03-10 12:41:46",,45,39.02
"2024-03-10 12:43:46",,45.68,37.95
"2024-03-10 12:45:46",,45.72,38.38
"2024-03-10 12:47:46",,45.63,38.75
"2024-03-10 12:49:47",,44.45,37.31
"2024-03-10 12:51:46",,44.42,38.22
"2024-03-10 12:53:46",,45.03,38.5
"2024-03-10 12:55:47",,44.6,39.46
"2024-03-10 12:57:46",,44.51,38.8
"2024-03-10 12:59:47",,44.06,39.32
"2024-03-10 13:01:47",,43.9,37.04
"2024-03-10 13:03:48",,43.16,36.93
"2024-03-10 13:05:48",,43.09,36.14
"2024-03-10 13:07:48",,43.35,37.72
"2024-03-10 13:09:47",,42.59,36.4
"2024-03-10 13:11:47",,45.41,39.04
"2024-03-10 13:13:48",,45.87,39.91
"2024-03-10 13:15:48",,44.79,37.36
"2024-03-10 13:17:48",,44.03,37.62
"2024-03-10 13:19:48",,44.64,38.14
"2024-03-10 13:21:48",,44.38,37.69
"2024-03-10 13:23:47",,44.33,37.59
"2024-03-10 13:25:48",,43.37,37.41
"2024-03-10 13:27:48",,44.38,37.78
"2024-03-10 13:29:48",,44.71,38.58
"2024-03-10 13:31:48",,44.82,37.72
"2024-03-10 13:33:48",,44.43,37.83
"2024-03-10 13:35:48",,43.71,37.52
"2024-03-10 13:37:48",,45.06,38.64
"2024-03-10 13:39:48",,45.18,38.86
"2024-03-10 13:41:48",,44.63,39.89
"2024-03-10 13:43:48",,44.77,39.57
"2024-03-10 13:45:48",,46.24,41.26
"2024-03-10 13:47:48",,45.54,39.82
"2024-03-10 13:49:48",,45.35,40.04
"2024-03-10 13:51:48",,45.46,39.52
"2024-03-10 13:53:48",,44.26,39.6
"2024-03-10 13:55:48",,44.51,38.12
"2024-03-10 13:57:48",,44.37,39.8
"2024-03-10 13:59:48",,43.96,40.56
"2024-03-10 14:01:49",,44.71,39.09
"2024-03-10 14:03:49",,45.11,39.93
"2024-03-10 14:05:49",,45.36,39.54
"2024-03-10 14:07:49",,45.02,39.57
"2024-03-10 14:09:49",,44.98,38.4
"2024-03-10 14:11:49",,44.84,39.78
"2024-03-10 14:13:49",,44.36,39.85
"2024-03-10 14:15:49",,45.56,40.84
"2024-03-10 14:17:49",,47.09,40.97
"2024-03-10 14:19:49",,45.05,38.31
"2024-03-10 14:21:49",,43.38,39.04
"2024-03-10 14:23:49",,44.95,39.6
"2024-03-10 14:25:49",,48.11,42.69
"2024-03-10 14:27:49",,46.25,40.42
"2024-03-10 14:29:49",,47.37,41.49
"2024-03-10 14:31:49",,45.67,41.16
"2024-03-10 14:33:49",,44.8,40.42
"2024-03-10 14:35:59",,47.93,42.56
"2024-03-10 14:37:49",,47.86,42.28
"2024-03-10 14:39:49",,44.84,40.19
"2024-03-10 14:41:49",,44.26,38.16
"2024-03-10 14:43:49",,42.91,36.4
"2024-03-10 14:45:49",,42.43,36.47
"2024-03-10 14:47:49",,42.41,35.89
"2024-03-10 14:49:49",,52.11,43.35
"2024-03-10 14:51:49",,69.65,55.12
"2024-03-10 14:53:49",,60.67,49
"2024-03-10 14:55:49",,47.43,41.79
"2024-03-10 14:57:49",,45.91,41.65
"2024-03-10 14:59:49",,47.27,41.39
"2024-03-10 15:01:50",,46.52,41.02
"2024-03-10 15:03:50",,45.72,40.74
"2024-03-10 15:05:50",,45.34,40.14
"2024-03-10 15:07:50",,45.86,40.06
"2024-03-10 15:09:50",,45.48,41.13
"2024-03-10 15:11:50",,45.18,40.1
"2024-03-10 15:13:50",,44.94,39.47
"2024-03-10 15:15:50",,44.67,39.75
"2024-03-10 15:17:50",,44.55,39.21
"2024-03-10 15:19:50",,45.93,40.45
"2024-03-10 15:21:50",,44.74,40.21
"2024-03-10 15:23:50",,87.04,68.07
"2024-03-10 15:25:50",,50.03,42.63
"2024-03-10 15:27:50",,46.38,39.96
"2024-03-10 15:29:50",,45.57,38.71
"2024-03-10 15:31:50",,44.91,39.69
"2024-03-10 15:33:50",,43.98,39.41
"2024-03-10 15:35:50",,44.31,39.11
"2024-03-10 15:37:50",,43.74,39.79
"2024-03-10 15:39:51",,45.08,40.47
"2024-03-10 15:41:50",,45.15,38.38
"2024-03-10 15:43:50",,45.67,39.56
"2024-03-10 15:45:50",,45.71,40.16
"2024-03-10 15:47:50",,46.29,39.79
"2024-03-10 15:49:50",,45.24,38.55
"2024-03-10 15:51:50",,44.37,39.19
"2024-03-10 15:53:50",,45.33,40.42
"2024-03-10 15:55:50",,45.33,39.41
"2024-03-10 15:57:50",,45.59,38.77
"2024-03-10 15:59:50",,43.38,37.54
"2024-03-10 16:01:51",,41.53,36.64
"2024-03-10 16:03:51",,41.78,36.85
"2024-03-10 16:05:51",,41.32,36.18
"2024-03-10 16:07:51",,40.64,33.88
"2024-03-10 16:09:53",,40.51,34.87
"2024-03-10 16:11:51",,40.98,35.36
"2024-03-10 16:13:51",,41.73,36.02
"2024-03-10 16:15:51",,57.89,47.52
"2024-03-10 16:17:51",,40.57,34.65
"2024-03-10 16:19:51",,40.57,34.34
"2024-03-10 16:21:51",,40.19,35.29
"2024-03-10 16:23:51",,40.81,35.21
"2024-03-10 16:25:51",,40.56,35.31
"2024-03-10 16:27:51",,41.07,35.53
"2024-03-10 16:29:51",,41.93,36.76
"2024-03-10 16:31:51",,41.37,36.07
"2024-03-10 16:33:51",,40.39,35.64
"2024-03-10 16:35:51",,41.39,37.21
"2024-03-10 16:37:51",,41.22,36.92
"2024-03-10 16:39:51",,40,35.7
"2024-03-10 16:41:51",,40.51,35.81
"2024-03-10 16:43:51",,40.98,35.44
"2024-03-10 16:45:51",,41,35.71
"2024-03-10 16:47:51",,40.95,36.04
"2024-03-10 16:49:51",,41.13,35.21
"2024-03-10 16:51:51",,40.57,35.14
"2024-03-10 16:53:51",,41.43,34.32
"2024-03-10 16:55:51",,39.29,33.16
"2024-03-10 16:57:51",,39.64,34.74
"2024-03-10 16:59:51",,40.73,36.36
"2024-03-10 17:01:52",,43.29,37.12
"2024-03-10 17:03:52",,41.88,35.93
"2024-03-10 17:05:52",,41.56,34.9
"2024-03-10 17:07:52",,44.18,39
"2024-03-10 17:09:52",,41.93,36.79
"2024-03-10 17:11:52",,47.93,41.07
"2024-03-10 17:13:52",,40.4,35.17
"2024-03-10 17:15:52",,40.96,35.45
"2024-03-10 17:17:52",,41.02,36
"2024-03-10 17:19:52",,41.46,35.34
"2024-03-10 17:21:52",,52.44,41.89
"2024-03-10 17:23:52",,58.71,47.96
"2024-03-10 17:25:52",,42.02,37.28
"2024-03-10 17:27:52",,41.48,35.68
"2024-03-10 17:29:52",,39.96,34.23
"2024-03-10 17:31:52",,39.87,33.66
"2024-03-10 17:33:52",,41.55,35.6
"2024-03-10 17:35:52",,107.05,80.72
"2024-03-10 17:37:52",,80.34,70.77
"2024-03-10 17:39:52",,41.58,36.26
"2024-03-10 17:41:52",,42.16,36.07
"2024-03-10 17:43:52",,41.5,36.45
"2024-03-10 17:45:52",,42.27,35.56
"2024-03-10 17:47:52",,41.05,35.47
"2024-03-10 17:49:52",,40.31,34.59
"2024-03-10 17:51:52",,40.64,35.72
"2024-03-10 17:53:52",,40.16,36.46
"2024-03-10 17:55:52",,42.89,36.67
"2024-03-10 17:57:52",,43.98,37.47
"2024-03-10 17:59:52",,40.28,34.2
"2024-03-10 18:01:53",,39.86,33.2
"2024-03-10 18:03:53",,37.11,32.72
"2024-03-10 18:05:53",,37.57,31.48
"2024-03-10 18:07:53",,37.46,32.29
"2024-03-10 18:09:53",,37.18,31.67
"2024-03-10 18:11:53",,37.73,31.89
"2024-03-10 18:13:53",,38.41,33.17
"2024-03-10 18:15:53",,37.03,32.14
"2024-03-10 18:17:53",,37.87,32.05
"2024-03-10 18:19:53",,37.33,32.4
"2024-03-10 18:21:53",,38.1,33.02
"2024-03-10 18:23:53",,42.14,35.51
"2024-03-10 18:25:53",,42.66,37.88
"2024-03-10 18:27:53",,43.7,38.17
"2024-03-10 18:29:53",,48.71,41.57
"2024-03-10 18:31:53",,45.93,40.19
"2024-03-10 18:33:53",,59.4,49
"2024-03-10 18:35:53",,96.89,73.54
"2024-03-10 18:37:53",,80.95,63.31
"2024-03-10 18:39:53",,56.31,45.64
"2024-03-10 18:41:53",,60.61,49.13
"2024-03-10 18:43:53",,48.98,42.51
"2024-03-10 18:45:53",,45.72,39.44
"2024-03-10 18:47:53",,43.98,38.57
"2024-03-10 18:49:53",,41.96,36.13
"2024-03-10 18:51:53",,42.09,35.68
"2024-03-10 18:53:53",,42.3,36.29
"2024-03-10 18:55:53",,41.89,35.55
"2024-03-10 18:57:53",,43.9,37.31
"2024-03-10 18:59:53",,42.84,37.05
"2024-03-10 19:02:05",,42.49,35.75
"2024-03-10 19:03:53",,43.59,36.59
"2024-03-10 19:05:53",,45.04,37.76
"2024-03-10 19:07:53",,42.77,36.95
"2024-03-10 19:09:53",,41.61,35.91
"2024-03-10 19:11:53",,43.2,35.91
"2024-03-10 19:13:53",,42.66,35.56
"2024-03-10 19:15:53",,42.07,35.11
"2024-03-10 19:17:53",,42.09,35.48
"2024-03-10 19:19:53",,41.18,34.89
"2024-03-10 19:21:53",,42.13,35.38
"2024-03-10 19:23:53",,42.18,35.98
"2024-03-10 19:25:53",,42.96,36.47
"2024-03-10 19:27:54",,42.49,35.81
"2024-03-10 19:29:53",,43.46,35.65
"2024-03-10 19:31:53",,43.3,35.24
"2024-03-10 19:33:53",,42.5,34.17
"2024-03-10 19:35:53",,43.51,36.32
"2024-03-10 19:37:54",,42.84,36.39
"2024-03-10 19:39:53",,43.36,36.87
"2024-03-10 19:41:53",,43.44,36.42
"2024-03-10 19:43:53",,43.56,37.15
"2024-03-10 19:45:53",,43.22,37.19
"2024-03-10 19:47:54",,45.28,38.27
"2024-03-10 19:49:53",,44.53,38.07
"2024-03-10 19:51:53",,46.22,39.29
"2024-03-10 19:53:54",,43.96,37.22
"2024-03-10 19:55:53",,44.98,37.49
"2024-03-10 19:57:53",,44.24,36.83
"2024-03-10 19:59:53",,44.23,36.44
"2024-03-10 20:01:53",,44.03,37.44
"2024-03-10 20:03:53",,44.42,37.45
"2024-03-10 20:05:53",,45.93,38.61
"2024-03-10 20:07:53",,45.8,38.55
"2024-03-10 20:09:53",,44.91,37.79
"2024-03-10 20:11:53",,44.46,36.28
"2024-03-10 20:13:53",,44.77,36.7
"2024-03-10 20:15:53",,43.47,37.04
"2024-03-10 20:17:54",,43.64,35.98
"2024-03-10 20:19:54",,42.93,34.52
"2024-03-10 20:21:55",,42.05,33.11
"2024-03-10 20:23:54",,42.45,33.67
"2024-03-10 20:25:54",,41.18,34.09
"2024-03-10 20:27:54",,40.94,34.05
"2024-03-10 20:29:55",,41.96,32.84
"2024-03-10 20:31:55",,40.96,33.32
"2024-03-10 20:33:55",,41.3,33.6
"2024-03-10 20:35:54",,40.73,32.3
"2024-03-10 20:37:55",,40.15,32.16
"2024-03-10 20:39:55",,40.26,32.35
"2024-03-10 20:41:55",,40.07,34
"2024-03-10 20:43:54",,39.75,33.14
"2024-03-10 20:45:55",,41.39,33.6
"2024-03-10 20:47:54",,41.05,33.52
"2024-03-10 20:49:55",,40.75,34.13
"2024-03-10 20:51:54",,39.95,32.37
"2024-03-10 20:53:54",,40.05,33.14
"2024-03-10 20:55:54",,39.93,33.38
"2024-03-10 20:57:55",,40.29,33.02
"2024-03-10 20:59:55",,41.38,33.03
"2024-03-10 21:01:55",,41,32.5
"2024-03-10 21:03:55",,41.04,32.79
"2024-03-10 21:05:54",,39.29,33.33
"2024-03-10 21:07:55",,40.65,32.75
"2024-03-10 21:09:55",,40.27,33.16
"2024-03-10 21:11:54",,40.93,32.46
"2024-03-10 21:13:55",,40.46,33.21
"2024-03-10 21:15:55",,40.09,32.4
"2024-03-10 21:17:55",,39.85,33.2
"2024-03-10 21:19:55",,41.61,34.91
"2024-03-10 21:21:55",,41.38,33.62
"2024-03-10 21:23:55",,41.5,33.71
"2024-03-10 21:25:55",,40.84,33.93
"2024-03-10 21:27:55",,42.2,33.62
"2024-03-10 21:29:56",,41.84,33.91
"2024-03-10 21:31:55",,41.19,34.47
"2024-03-10 21:33:56",,43.71,34.09
"2024-03-10 21:35:55",,40.84,33.84
"2024-03-10 21:37:55",,41.27,33.51
"2024-03-10 21:39:56",,41.45,32.49
"2024-03-10 21:41:55",,41.13,33.09
"2024-03-10 21:43:55",,40.75,33.05
"2024-03-10 21:45:55",,40.07,32.73
"2024-03-10 21:47:55",,40.38,31.66
"2024-03-10 21:49:55",,40.21,33
"2024-03-10 21:51:55",,40.11,32.2
"2024-03-10 21:53:55",,39.6,31.89
"2024-03-10 21:55:56",,38.42,31.95
"2024-03-10 21:57:55",,39.08,31.69
"2024-03-10 21:59:55",,39.05,31.96
"2024-03-10 22:02:07",,38.12,31.32
"2024-03-10 22:03:55",,38.4,31.14
"2024-03-10 22:05:56",,38.28,31.57
"2024-03-10 22:07:55",,37.6,30.89
"2024-03-10 22:09:55",,37.44,31.42
"2024-03-10 22:11:55",,37.5,31.49
"2024-03-10 22:13:55",,37.69,31.11
"2024-03-10 22:15:57",,38.19,31
"2024-03-10 22:18:01",,38.02,31.76
"2024-03-10 22:20:02",,37.83,30.95
"2024-03-10 22:22:01",,38.38,30.19
"2024-03-10 22:24:01",,37.47,31.82
"2024-03-10 22:26:01",,39.81,31.85
"2024-03-10 22:28:01",,39.38,33.17
"2024-03-10 22:30:01",,38.75,31.93
"2024-03-10 22:32:01",,37.84,31.32
"2024-03-10 22:34:01",,38.91,31.37
"2024-03-10 22:36:01",,39.09,31.46
"2024-03-10 22:38:01",,38.96,30.64
"2024-03-10 22:40:01",,39.15,31.98
"2024-03-10 22:42:01",,38.6,32.37
"2024-03-10 22:44:01",50,38.71,31.95